,Destination,Year,Flow
0,Afghanistan,1990,28599.0
1,Afghanistan,1995,31491.0
2,Afghanistan,2015,185734.0
3,Afghanistan,2019,56110.0
4,Albania,1990,27463.0
5,Albania,1995,29888.0
6,Albania,2010,24119.0
7,Albania,2015,23773.0
8,Albania,2019,22462.0
9,Algeria,1990,47306.0
10,Algeria,1995,43869.0
11,Algeria,2015,37308.0
12,Algeria,2019,38804.0
13,American Samoa,1990,10763.0
14,American Samoa,1995,11629.0
15,American Samoa,2010,11814.0
16,American Samoa,2015,11716.0
17,American Samoa,2019,11728.0
18,Andorra,1990,20353.0
19,Andorra,1995,20946.0
20,Andorra,2000,21536.0
21,Andorra,2010,25729.0
22,Andorra,2015,20239.0
23,Andorra,2019,21746.0
24,Angola,1990,15121.0
25,Angola,1995,17383.0
26,Angola,2015,52155.0
27,Angola,2019,91171.0
28,Anguilla,1990,1029.0
29,Anguilla,1995,1302.0
30,Anguilla,2010,1988.0
31,Anguilla,2015,2133.0
32,Anguilla,2019,2215.0
33,Antigua and Barbuda,1990,5371.0
34,Antigua and Barbuda,1995,7759.0
35,Antigua and Barbuda,2000,10143.0
36,Antigua and Barbuda,2010,11588.0
37,Antigua and Barbuda,2015,12313.0
38,Antigua and Barbuda,2019,12806.0
39,Argentina,1990,750396.0
40,Argentina,1995,715656.0
41,Argentina,2010,813122.0
42,Argentina,2015,938899.0
43,Argentina,2019,997520.0
44,Armenia,1990,229802.0
45,Armenia,1995,268207.0
46,Armenia,2015,69300.0
47,Armenia,2019,69815.0
48,Aruba,1990,4777.0
49,Aruba,1995,8380.0
50,Aruba,2000,11989.0
51,Aruba,2005,13257.0
52,Aruba,2010,14557.0
53,Aruba,2015,15298.0
54,Aruba,2019,15478.0
55,Australia,1990,1994563.0
56,Australia,1995,2060681.0
57,Australia,2010,2845598.0
58,Australia,2015,3236409.0
59,Australia,2019,3615096.0
60,Austria,1990,363023.0
61,Austria,1995,417306.0
62,Austria,2000,471587.0
63,Austria,2010,600813.0
64,Austria,2015,706958.0
65,Austria,2019,855142.0
66,Azerbaijan,1990,156001.0
67,Azerbaijan,1995,147770.0
68,Azerbaijan,2000,139747.0
69,Azerbaijan,2010,128117.0
70,Azerbaijan,2015,125211.0
71,Azerbaijan,2019,120287.0
72,Bahamas,1990,13052.0
73,Bahamas,1995,16128.0
74,Bahamas,2000,19200.0
75,Bahamas,2005,23261.0
76,Bahamas,2010,27323.0
77,Bahamas,2015,29397.0
78,Bahamas,2019,31202.0
79,Bahrain,1990,116895.0
80,Bahrain,1995,136971.0
81,Bahrain,2000,156699.0
82,Bahrain,2005,274714.0
83,Bahrain,2010,453662.0
84,Bahrain,2015,494026.0
85,Bahrain,2019,520004.0
86,Bangladesh,1990,384634.0
87,Bangladesh,1995,416300.0
88,Bangladesh,2000,447971.0
89,Bangladesh,2010,577956.0
90,Bangladesh,2015,597983.0
91,Bangladesh,2019,1025820.0
92,Barbados,1990,7338.0
93,Barbados,1995,8203.0
94,Barbados,2000,9070.0
95,Barbados,2005,8657.0
96,Barbados,2010,8217.0
97,Barbados,2015,8631.0
98,Barbados,2019,8712.0
99,Belarus,1990,571705.0
100,Belarus,1995,542882.0
101,Belarus,2010,498905.0
102,Belarus,2015,495450.0
103,Belarus,2019,489265.0
104,Belgium,1990,631699.0
105,Belgium,1995,624579.0
106,Belgium,2000,585924.0
107,Belgium,2010,666192.0
108,Belgium,2015,789027.0
109,Belgium,2019,884605.0
110,Belize,1990,15758.0
111,Belize,1995,16857.0
112,Belize,2010,22886.0
113,Belize,2015,26831.0
114,Belize,2019,29444.0
115,Benin,1990,36291.0
116,Benin,1995,50555.0
117,Benin,2015,151959.0
118,Benin,2019,162156.0
119,Bermuda,1990,7230.0
120,Bermuda,1995,7739.0
121,Bermuda,2000,8249.0
122,Bermuda,2010,8686.0
123,Bermuda,2015,8814.0
124,Bermuda,2019,8908.0
125,Bhutan,1990,17994.0
126,Bhutan,1995,21142.0
127,Bhutan,2000,24290.0
128,Bhutan,2005,30356.0
129,Bhutan,2010,36421.0
130,Bhutan,2015,40109.0
131,Bhutan,2019,41803.0
132,Bolivia (Plurinational State of),1990,26330.0
133,Bolivia (Plurinational State of),1995,29802.0
134,Bolivia (Plurinational State of),2000,33020.0
135,Bolivia (Plurinational State of),2010,44075.0
136,Bolivia (Plurinational State of),2015,51303.0
137,Bolivia (Plurinational State of),2019,56000.0
138,"Bonaire, Sint Eustatius and Saba",1990,16771.0
139,"Bonaire, Sint Eustatius and Saba",1995,17822.0
140,"Bonaire, Sint Eustatius and Saba",2000,18868.0
141,"Bonaire, Sint Eustatius and Saba",2005,20096.0
142,"Bonaire, Sint Eustatius and Saba",2010,5209.0
143,"Bonaire, Sint Eustatius and Saba",2015,5926.0
144,"Bonaire, Sint Eustatius and Saba",2019,7062.0
145,Bosnia and Herzegovina,1990,25914.0
146,Bosnia and Herzegovina,1995,32578.0
147,Bosnia and Herzegovina,2000,39240.0
148,Bosnia and Herzegovina,2005,22132.0
149,Bosnia and Herzegovina,2010,18069.0
150,Bosnia and Herzegovina,2015,17965.0
151,Bosnia and Herzegovina,2019,16615.0
152,Botswana,1990,11208.0
153,Botswana,1995,14032.0
154,Botswana,2015,19023.0
155,Botswana,2019,20373.0
156,Brazil,1990,393173.0
157,Brazil,1995,362640.0
158,Brazil,2000,332108.0
159,Brazil,2005,314075.0
160,Brazil,2010,296355.0
161,Brazil,2015,349405.0
162,Brazil,2019,393490.0
163,British Virgin Islands,1990,3681.0
164,British Virgin Islands,1995,4228.0
165,British Virgin Islands,2000,4776.0
166,British Virgin Islands,2005,5472.0
167,British Virgin Islands,2010,6818.0
168,British Virgin Islands,2015,7639.0
169,British Virgin Islands,2019,8297.0
170,Brunei Darussalam,1990,41416.0
171,Brunei Darussalam,1995,47342.0
172,Brunei Darussalam,2015,57600.0
173,Brunei Darussalam,2019,62032.0
174,Bulgaria,1990,7764.0
175,Bulgaria,1995,12352.0
176,Bulgaria,2000,16916.0
177,Bulgaria,2010,32114.0
178,Bulgaria,2015,58516.0
179,Bulgaria,2019,79869.0
180,Burkina Faso,1990,156563.0
181,Burkina Faso,1995,209111.0
182,Burkina Faso,2000,233388.0
183,Burkina Faso,2010,298697.0
184,Burkina Faso,2015,312335.0
185,Burkina Faso,2019,318116.0
186,Burundi,1990,134047.0
187,Burundi,1995,104307.0
188,Burundi,2005,76823.0
189,Burundi,2015,129127.0
190,Burundi,2019,143029.0
191,Cabo Verde,1990,2736.0
192,Cabo Verde,1995,3577.0
193,Cabo Verde,2000,4418.0
194,Cabo Verde,2005,5418.0
195,Cabo Verde,2010,6412.0
196,Cabo Verde,2015,6637.0
197,Cabo Verde,2019,6968.0
198,Cambodia,1990,16034.0
199,Cambodia,1995,42280.0
200,Cambodia,2000,68527.0
201,Cambodia,2010,41524.0
202,Cambodia,2015,38150.0
203,Cambodia,2019,40563.0
204,Cameroon,1990,114130.0
205,Cameroon,1995,105925.0
206,Cameroon,2000,97719.0
207,Cameroon,2010,154079.0
208,Cameroon,2015,242334.0
209,Cameroon,2019,242039.0
210,Canada,1990,2093546.0
211,Canada,1995,2328461.0
212,Canada,2000,2619289.0
213,Canada,2010,3160687.0
214,Canada,2015,3443768.0
215,Canada,2019,3690389.0
216,Cayman Islands,1990,4543.0
217,Cayman Islands,1995,6288.0
218,Cayman Islands,2000,9604.0
219,Cayman Islands,2005,10452.0
220,Cayman Islands,2010,12251.0
221,Cayman Islands,2015,13331.0
222,Cayman Islands,2019,14757.0
223,Central African Republic,1990,30363.0
224,Central African Republic,1995,39896.0
225,Central African Republic,2000,45944.0
226,Central African Republic,2005,35164.0
227,Central African Republic,2010,34820.0
228,Central African Republic,2015,30207.0
229,Central African Republic,2019,33596.0
230,Chad,1990,37309.0
231,Chad,1995,45234.0
232,Chad,2000,53158.0
233,Chad,2005,155592.0
234,Chad,2010,181952.0
235,Chad,2015,207493.0
236,Chad,2019,227402.0
237,Channel Islands,1990,28410.0
238,Channel Islands,1995,27885.0
239,Channel Islands,2010,35572.0
240,Channel Islands,2015,37839.0
241,Channel Islands,2019,38540.0
242,Chile,1990,38279.0
243,Chile,1995,49893.0
244,Chile,2000,61817.0
245,Chile,2005,105647.0
246,Chile,2010,149481.0
247,Chile,2015,272948.0
248,Chile,2019,409467.0
249,China,1990,153598.0
250,China,1995,177609.0
251,China,2015,506324.0
252,China,2019,533675.0
253,"China, Hong Kong SAR",1990,1035069.0
254,"China, Hong Kong SAR",1995,1075303.0
255,"China, Hong Kong SAR",2000,1115536.0
256,"China, Hong Kong SAR",2010,1135800.0
257,"China, Hong Kong SAR",2015,1108749.0
258,"China, Hong Kong SAR",2019,1130838.0
259,"China, Macao SAR",1990,89186.0
260,"China, Macao SAR",1995,95892.0
261,"China, Macao SAR",2000,101657.0
262,"China, Macao SAR",2005,121236.0
263,"China, Macao SAR",2010,133918.0
264,"China, Macao SAR",2015,156019.0
265,"China, Macao SAR",2019,165770.0
266,Colombia,1990,51206.0
267,Colombia,1995,52714.0
268,Colombia,2000,54224.0
269,Colombia,2005,53739.0
270,Colombia,2010,63327.0
271,Colombia,2015,71516.0
272,Colombia,2019,572793.0
273,Comoros,1990,5943.0
274,Comoros,1995,5852.0
275,Comoros,2005,5562.0
276,Comoros,2015,5376.0
277,Comoros,2019,5355.0
278,Congo,1990,55130.0
279,Congo,1995,83988.0
280,Congo,2000,135144.0
281,Congo,2005,161857.0
282,Congo,2010,206616.0
283,Congo,2015,187634.0
284,Congo,2019,193317.0
285,Cook Islands,1990,1390.0
286,Cook Islands,1995,1443.0
287,Cook Islands,2000,1495.0
288,Cook Islands,2010,1527.0
289,Cook Islands,2015,1402.0
290,Cook Islands,2019,1407.0
291,Costa Rica,1990,105726.0
292,Costa Rica,1995,104260.0
293,Costa Rica,2000,150886.0
294,Costa Rica,2010,188319.0
295,Costa Rica,2015,189985.0
296,Costa Rica,2019,194133.0
297,Croatia,1990,172363.0
298,Croatia,1995,263417.0
299,Croatia,2000,225185.0
300,Croatia,2005,241608.0
301,Croatia,2010,258024.0
302,Croatia,2015,257308.0
303,Croatia,2019,236763.0
304,Cuba,1990,14157.0
305,Cuba,1995,10272.0
306,Cuba,2000,6395.0
307,Cuba,2005,4283.0
308,Cuba,2010,2366.0
309,Cuba,2015,1871.0
310,Cuba,2019,1705.0
311,Curaçao,2010,13905.0
312,Curaçao,2015,15147.0
313,Curaçao,2019,16464.0
314,Cyprus,1990,20143.0
315,Cyprus,1995,27164.0
316,Cyprus,2000,34191.0
317,Cyprus,2005,49619.0
318,Cyprus,2010,82600.0
319,Cyprus,2015,82612.0
320,Cyprus,2019,83622.0
321,Czechia,1990,57170.0
322,Czechia,1995,87957.0
323,Czechia,2000,118743.0
324,Czechia,2005,180775.0
325,Czechia,2010,231839.0
326,Czechia,2015,234915.0
327,Czechia,2019,261979.0
328,Côte d'Ivoire,1990,999832.0
329,Côte d'Ivoire,1995,1130396.0
330,Côte d'Ivoire,2000,1165869.0
331,Côte d'Ivoire,2005,1220525.0
332,Côte d'Ivoire,2010,1274771.0
333,Côte d'Ivoire,2015,1329411.0
334,Côte d'Ivoire,2019,1373129.0
335,Dem People's Republic of Korea,1990,16024.0
336,Dem People's Republic of Korea,1995,16113.0
337,Dem People's Republic of Korea,2000,16198.0
338,Dem People's Republic of Korea,2005,18507.0
339,Dem People's Republic of Korea,2010,20810.0
340,Dem People's Republic of Korea,2015,23052.0
341,Dem People's Republic of Korea,2019,23498.0
342,Democratic Republic of the Congo,1990,93716.0
343,Democratic Republic of the Congo,1995,714268.0
344,Democratic Republic of the Congo,2000,143048.0
345,Democratic Republic of the Congo,2005,113671.0
346,Democratic Republic of the Congo,2010,79329.0
347,Democratic Republic of the Congo,2015,296325.0
348,Democratic Republic of the Congo,2019,364650.0
349,Denmark,1990,113163.0
350,Denmark,1995,145023.0
351,Denmark,2000,176883.0
352,Denmark,2010,234813.0
353,Denmark,2015,282237.0
354,Denmark,2019,346975.0
355,Djibouti,1990,60029.0
356,Djibouti,1995,49033.0
357,Djibouti,2000,49446.0
358,Djibouti,2005,47968.0
359,Djibouti,2010,49798.0
360,Djibouti,2015,55206.0
361,Djibouti,2019,56675.0
362,Dominica,1990,968.0
363,Dominica,1995,1273.0
364,Dominica,2000,1532.0
365,Dominica,2005,1881.0
366,Dominica,2010,3202.0
367,Dominica,2015,3168.0
368,Dominica,2019,3233.0
369,Dominican Republic,1990,179241.0
370,Dominican Republic,1995,196195.0
371,Dominican Republic,2000,213130.0
372,Dominican Republic,2005,224127.0
373,Dominican Republic,2010,233542.0
374,Dominican Republic,2015,347963.0
375,Dominican Republic,2019,359596.0
376,Ecuador,1990,37410.0
377,Ecuador,1995,48677.0
378,Ecuador,2000,59952.0
379,Ecuador,2005,75430.0
380,Ecuador,2010,139218.0
381,Ecuador,2015,159045.0
382,Ecuador,2019,156487.0
383,Egypt,1990,84305.0
384,Egypt,1995,81157.0
385,Egypt,2000,89461.0
386,Egypt,2010,167246.0
387,Egypt,2015,194543.0
388,Egypt,2019,254297.0
389,El Salvador,1990,21943.0
390,El Salvador,1995,18344.0
391,El Salvador,2000,14744.0
392,El Salvador,2005,16849.0
393,El Salvador,2010,18954.0
394,El Salvador,2015,19794.0
395,El Salvador,2019,20059.0
396,Equatorial Guinea,1990,1143.0
397,Equatorial Guinea,1995,1505.0
398,Equatorial Guinea,2000,1867.0
399,Equatorial Guinea,2005,2783.0
400,Equatorial Guinea,2010,3700.0
401,Equatorial Guinea,2015,4677.0
402,Equatorial Guinea,2019,5143.0
403,Eritrea,1990,5408.0
404,Eritrea,1995,5466.0
405,Eritrea,2000,5527.0
406,Eritrea,2005,6222.0
407,Eritrea,2010,6916.0
408,Eritrea,2015,7101.0
409,Eritrea,2019,7173.0
410,Estonia,1990,171347.0
411,Estonia,1995,135958.0
412,Estonia,2000,100569.0
413,Estonia,2005,93967.0
414,Estonia,2010,87552.0
415,Estonia,2015,79916.0
416,Estonia,2019,80471.0
417,Eswatini,1990,36216.0
418,Eswatini,1995,15123.0
419,Eswatini,2000,14469.0
420,Eswatini,2010,11996.0
421,Eswatini,2015,11957.0
422,Eswatini,2019,12069.0
423,Ethiopia,1990,591777.0
424,Ethiopia,1995,399323.0
425,Ethiopia,2000,283399.0
426,Ethiopia,2005,239772.0
427,Ethiopia,2010,285908.0
428,Ethiopia,2015,562152.0
429,Ethiopia,2019,625404.0
430,Falkland Islands (Malvinas),1990,458.0
431,Falkland Islands (Malvinas),1995,464.0
432,Falkland Islands (Malvinas),2000,586.0
433,Falkland Islands (Malvinas),2005,607.0
434,Falkland Islands (Malvinas),2010,761.0
435,Falkland Islands (Malvinas),2015,823.0
436,Falkland Islands (Malvinas),2019,997.0
437,Faroe Islands,1990,2358.0
438,Faroe Islands,1995,1524.0
439,Faroe Islands,2000,1840.0
440,Faroe Islands,2005,2340.0
441,Faroe Islands,2010,2563.0
442,Faroe Islands,2015,2638.0
443,Faroe Islands,2019,3089.0
444,Fiji,1990,5980.0
445,Fiji,1995,5878.0
446,Fiji,2010,6216.0
447,Fiji,2015,6465.0
448,Fiji,2019,6601.0
449,Finland,1990,30328.0
450,Finland,1995,48096.0
451,Finland,2000,65861.0
452,Finland,2005,93719.0
453,Finland,2010,110568.0
454,Finland,2015,153730.0
455,Finland,2019,188222.0
456,France,1990,2536708.0
457,France,1995,2574668.0
458,France,2000,2612626.0
459,France,2005,2605333.0
460,France,2010,2804711.0
461,France,2015,2994228.0
462,France,2019,3161352.0
463,French Guiana,1990,33058.0
464,French Guiana,1995,34968.0
465,French Guiana,2000,36881.0
466,French Guiana,2005,40759.0
467,French Guiana,2010,44639.0
468,French Guiana,2015,49236.0
469,French Guiana,2019,54464.0
470,French Polynesia,1990,13234.0
471,French Polynesia,1995,14313.0
472,French Polynesia,2000,15111.0
473,French Polynesia,2005,15779.0
474,French Polynesia,2010,15437.0
475,French Polynesia,2015,14665.0
476,French Polynesia,2019,15226.0
477,Gabon,1990,70778.0
478,Gabon,1995,94603.0
479,Gabon,2000,118968.0
480,Gabon,2005,130702.0
481,Gabon,2010,153524.0
482,Gabon,2015,236039.0
483,Gabon,2019,256339.0
484,Gambia,1990,64140.0
485,Gambia,1995,79439.0
486,Gambia,2000,93922.0
487,Gambia,2005,93053.0
488,Gambia,2010,94843.0
489,Gambia,2015,98145.0
490,Gambia,2019,109795.0
491,Georgia,1990,124150.0
492,Georgia,1995,64861.0
493,Georgia,2000,32133.0
494,Georgia,2005,30526.0
495,Georgia,2010,30828.0
496,Georgia,2015,32368.0
497,Georgia,2019,33345.0
498,Germany,1990,3064167.0
499,Germany,1995,3664889.0
500,Germany,2000,4265616.0
501,Germany,2005,4524492.0
502,Germany,2010,4717032.0
503,Germany,2015,4902944.0
504,Germany,2019,6629563.0
505,Ghana,1990,77948.0
506,Ghana,1995,121778.0
507,Ghana,2000,91523.0
508,Ghana,2005,150707.0
509,Ghana,2010,157328.0
510,Ghana,2015,193566.0
511,Ghana,2019,218235.0
512,Gibraltar,1990,3790.0
513,Gibraltar,1995,3509.0
514,Gibraltar,2000,3228.0
515,Gibraltar,2005,3651.0
516,Gibraltar,2010,4074.0
517,Gibraltar,2015,4404.0
518,Gibraltar,2019,4447.0
519,Greece,1990,284872.0
520,Greece,1995,304625.0
521,Greece,2000,323571.0
522,Greece,2005,347724.0
523,Greece,2010,387104.0
524,Greece,2015,343514.0
525,Greece,2019,328224.0
526,Greenland,1990,6455.0
527,Greenland,1995,4818.0
528,Greenland,2000,4537.0
529,Greenland,2005,4370.0
530,Greenland,2010,4000.0
531,Greenland,2015,3650.0
532,Greenland,2019,3583.0
533,Grenada,1990,1369.0
534,Grenada,1995,1727.0
535,Grenada,2000,2085.0
536,Grenada,2005,2191.0
537,Grenada,2010,2297.0
538,Grenada,2015,2323.0
539,Grenada,2019,2346.0
540,Guadeloupe,1990,30759.0
541,Guadeloupe,1995,34077.0
542,Guadeloupe,2000,37394.0
543,Guadeloupe,2005,38844.0
544,Guadeloupe,2010,40291.0
545,Guadeloupe,2015,41313.0
546,Guadeloupe,2019,41952.0
547,Guam,1990,37917.0
548,Guam,1995,37547.0
549,Guam,2010,37656.0
550,Guam,2015,37969.0
551,Guam,2019,39845.0
552,Guatemala,1990,112466.0
553,Guatemala,1995,66724.0
554,Guatemala,2000,20983.0
555,Guatemala,2005,25774.0
556,Guatemala,2010,30566.0
557,Guatemala,2015,35729.0
558,Guatemala,2019,36670.0
559,Guinea,1990,198737.0
560,Guinea,1995,382854.0
561,Guinea,2000,272870.0
562,Guinea,2005,89824.0
563,Guinea,2010,61755.0
564,Guinea,2015,61000.0
565,Guinea,2019,58221.0
566,Guinea-Bissau,1990,7386.0
567,Guinea-Bissau,1995,13309.0
568,Guinea-Bissau,2000,9411.0
569,Guinea-Bissau,2005,9772.0
570,Guinea-Bissau,2010,9998.0
571,Guinea-Bissau,2015,10501.0
572,Guinea-Bissau,2019,12175.0
573,Guyana,1990,1969.0
574,Guyana,1995,3010.0
575,Guyana,2000,4053.0
576,Guyana,2005,5377.0
577,Guyana,2010,6700.0
578,Guyana,2015,7850.0
579,Guyana,2019,8013.0
580,Haiti,1990,9599.0
581,Haiti,1995,9120.0
582,Haiti,2000,8664.0
583,Haiti,2005,8229.0
584,Haiti,2010,8639.0
585,Haiti,2015,9069.0
586,Haiti,2019,9434.0
587,Honduras,1990,137391.0
588,Honduras,1995,75899.0
589,Honduras,2000,14408.0
590,Honduras,2005,14274.0
591,Honduras,2010,14137.0
592,Honduras,2015,19880.0
593,Honduras,2019,20197.0
594,Hungary,1990,150860.0
595,Hungary,1995,142724.0
596,Hungary,2000,134581.0
597,Hungary,2005,169634.0
598,Hungary,2010,204679.0
599,Hungary,2015,226492.0
600,Hungary,2019,244366.0
601,Iceland,1990,4226.0
602,Iceland,1995,5693.0
603,Iceland,2000,7159.0
604,Iceland,2005,12342.0
605,Iceland,2010,17531.0
606,Iceland,2015,18679.0
607,Iceland,2019,26656.0
608,India,1990,3842953.0
609,India,1995,3583300.0
610,India,2000,3280478.0
611,India,2005,3020245.0
612,India,2010,2779510.0
613,India,2015,2670344.0
614,India,2019,2628923.0
615,Indonesia,1990,185926.0
616,Indonesia,1995,161707.0
617,Indonesia,2000,137489.0
618,Indonesia,2005,146749.0
619,Indonesia,2010,153336.0
620,Indonesia,2015,172565.0
621,Indonesia,2019,180225.0
622,Iran (Islamic Republic of),1990,667772.0
623,Iran (Islamic Republic of),1995,485156.0
624,Iran (Islamic Republic of),2000,315639.0
625,Iran (Islamic Republic of),2005,67684.0
626,Iran (Islamic Republic of),2010,86747.0
627,Iran (Islamic Republic of),2015,85376.0
628,Iran (Islamic Republic of),2019,83992.0
629,Iraq,1990,43226.0
630,Iraq,1995,103692.0
631,Iraq,2000,113292.0
632,Iraq,2005,67154.0
633,Iraq,2010,58248.0
634,Iraq,2015,192408.0
635,Iraq,2019,197055.0
636,Ireland,1990,111751.0
637,Ireland,1995,107095.0
638,Ireland,2000,170717.0
639,Ireland,2005,307085.0
640,Ireland,2010,357783.0
641,Ireland,2015,373657.0
642,Ireland,2019,411498.0
643,Isle of Man,1990,15609.0
644,Isle of Man,1995,16780.0
645,Isle of Man,2000,17951.0
646,Isle of Man,2005,19379.0
647,Isle of Man,2010,20479.0
648,Isle of Man,2015,18106.0
649,Isle of Man,2019,18375.0
650,Israel,1990,663063.0
651,Israel,1995,676805.0
652,Israel,2000,661045.0
653,Israel,2005,613590.0
654,Israel,2010,572119.0
655,Israel,2015,586630.0
656,Israel,2019,570478.0
657,Italy,1990,596186.0
658,Italy,1995,703234.0
659,Italy,2000,810282.0
660,Italy,2005,1591795.0
661,Italy,2010,2349675.0
662,Italy,2015,2328266.0
663,Italy,2019,2581441.0
664,Jamaica,1990,8743.0
665,Jamaica,1995,9898.0
666,Jamaica,2000,11055.0
667,Jamaica,2005,10842.0
668,Jamaica,2010,10632.0
669,Jamaica,2015,10403.0
670,Jamaica,2019,10539.0
671,Japan,1990,532351.0
672,Japan,1995,668165.0
673,Japan,2000,778076.0
674,Japan,2005,899883.0
675,Japan,2010,939721.0
676,Japan,2015,979298.0
677,Japan,2019,1090434.0
678,Jordan,1990,583678.0
679,Jordan,1995,781675.0
680,Jordan,2000,979662.0
681,Jordan,2005,1177919.0
682,Jordan,2010,1376326.0
683,Jordan,2015,1539056.0
684,Jordan,2019,1655112.0
685,Kazakhstan,1990,1466367.0
686,Kazakhstan,1995,1349216.0
687,Kazakhstan,2015,1627297.0
688,Kazakhstan,2019,1700493.0
689,Kenya,1990,104529.0
690,Kenya,1995,263790.0
691,Kenya,2000,316754.0
692,Kenya,2005,368611.0
693,Kenya,2010,443663.0
694,Kenya,2015,522071.0
695,Kenya,2019,484429.0
696,Kiribati,1990,826.0
697,Kiribati,1995,870.0
698,Kiribati,2000,916.0
699,Kiribati,2010,1261.0
700,Kiribati,2015,1283.0
701,Kiribati,2019,1328.0
702,Kuwait,1990,618843.0
703,Kuwait,1995,557175.0
704,Kuwait,2000,715401.0
705,Kuwait,2005,857453.0
706,Kuwait,2010,1217913.0
707,Kuwait,2015,1789828.0
708,Kuwait,2019,1895181.0
709,Kyrgyzstan,1990,254535.0
710,Kyrgyzstan,1995,212123.0
711,Kyrgyzstan,2000,159103.0
712,Kyrgyzstan,2010,92420.0
713,Kyrgyzstan,2015,80714.0
714,Kyrgyzstan,2019,79082.0
715,Lao People's Democratic Republic,1990,11342.0
716,Lao People's Democratic Republic,1995,10710.0
717,Lao People's Democratic Republic,2000,9181.0
718,Lao People's Democratic Republic,2005,8658.0
719,Lao People's Democratic Republic,2010,17852.0
720,Lao People's Democratic Republic,2015,27048.0
721,Lao People's Democratic Republic,2019,28676.0
722,Latvia,1990,290778.0
723,Latvia,1995,234179.0
724,Latvia,2000,177579.0
725,Latvia,2005,154690.0
726,Latvia,2010,124614.0
727,Latvia,2015,103964.0
728,Latvia,2019,93353.0
729,Lebanon,1990,265518.0
730,Lebanon,1995,308253.0
731,Lebanon,2000,350989.0
732,Lebanon,2005,388445.0
733,Lebanon,2010,425902.0
734,Lebanon,2015,947359.0
735,Lebanon,2019,894869.0
736,Lesotho,1990,2131.0
737,Lesotho,1995,1973.0
738,Lesotho,2000,1876.0
739,Lesotho,2005,1912.0
740,Lesotho,2010,1948.0
741,Lesotho,2015,1997.0
742,Lesotho,2019,2103.0
743,Liberia,1990,43162.0
744,Liberia,1995,101528.0
745,Liberia,2000,73239.0
746,Liberia,2005,45028.0
747,Liberia,2010,52652.0
748,Liberia,2015,59907.0
749,Liberia,2019,48143.0
750,Libya,1990,235122.0
751,Libya,1995,291072.0
752,Libya,2000,356558.0
753,Libya,2005,430681.0
754,Libya,2010,473351.0
755,Libya,2015,530775.0
756,Libya,2019,576273.0
757,Liechtenstein,1990,5947.0
758,Liechtenstein,1995,7047.0
759,Liechtenstein,2000,7947.0
760,Liechtenstein,2005,9258.0
761,Liechtenstein,2010,10549.0
762,Liechtenstein,2015,11206.0
763,Liechtenstein,2019,11978.0
764,Lithuania,1990,158432.0
765,Lithuania,1995,122174.0
766,Lithuania,2000,95491.0
767,Lithuania,2005,91222.0
768,Lithuania,2010,69285.0
769,Lithuania,2015,57208.0
770,Lithuania,2019,49042.0
771,Luxembourg,1990,55693.0
772,Luxembourg,1995,61954.0
773,Luxembourg,2000,68974.0
774,Luxembourg,2005,74667.0
775,Luxembourg,2010,81135.0
776,Luxembourg,2015,125690.0
777,Luxembourg,2019,147282.0
778,Madagascar,1990,9765.0
779,Madagascar,1995,8709.0
780,Madagascar,2000,9712.0
781,Madagascar,2005,10786.0
782,Madagascar,2010,12001.0
783,Madagascar,2015,13352.0
784,Madagascar,2019,14541.0
785,Malawi,1990,531685.0
786,Malawi,1995,51260.0
787,Malawi,2000,49217.0
788,Malawi,2005,46764.0
789,Malawi,2010,45864.0
790,Malawi,2015,53486.0
791,Malawi,2019,59690.0
792,Malaysia,1990,356767.0
793,Malaysia,1995,481909.0
794,Malaysia,2000,751256.0
795,Malaysia,2005,1042882.0
796,Malaysia,2010,1364505.0
797,Malaysia,2015,1854192.0
798,Malaysia,2019,1948052.0
799,Maldives,1990,4637.0
800,Maldives,1995,8901.0
801,Maldives,2000,14317.0
802,Maldives,2005,25691.0
803,Maldives,2010,39780.0
804,Maldives,2015,53868.0
805,Maldives,2019,58040.0
806,Mali,1990,72391.0
807,Mali,1995,80749.0
808,Mali,2000,71832.0
809,Mali,2005,95167.0
810,Mali,2010,156597.0
811,Mali,2015,194050.0
812,Mali,2019,224455.0
813,Malta,1990,6940.0
814,Malta,1995,8271.0
815,Malta,2000,10166.0
816,Malta,2005,11733.0
817,Malta,2010,16568.0
818,Malta,2015,26497.0
819,Malta,2019,43015.0
820,Marshall Islands,1990,627.0
821,Marshall Islands,1995,796.0
822,Marshall Islands,2000,1029.0
823,Marshall Islands,2005,1310.0
824,Marshall Islands,2010,1676.0
825,Marshall Islands,2015,1779.0
826,Marshall Islands,2019,1786.0
827,Martinique,1990,18032.0
828,Martinique,1995,21372.0
829,Martinique,2000,24711.0
830,Martinique,2005,25140.0
831,Martinique,2010,25568.0
832,Martinique,2015,26208.0
833,Martinique,2019,26173.0
834,Mauritania,1990,56064.0
835,Mauritania,1995,45265.0
836,Mauritania,2000,29021.0
837,Mauritania,2005,30302.0
838,Mauritania,2010,31273.0
839,Mauritania,2015,75128.0
840,Mauritania,2019,78220.0
841,Mauritius,1990,1622.0
842,Mauritius,1995,2931.0
843,Mauritius,2000,5126.0
844,Mauritius,2005,8389.0
845,Mauritius,2010,12595.0
846,Mauritius,2015,15109.0
847,Mauritius,2019,15250.0
848,Mayotte,1990,7490.0
849,Mayotte,1995,13958.0
850,Mayotte,2000,23251.0
851,Mayotte,2005,30818.0
852,Mayotte,2010,33784.0
853,Mayotte,2015,33525.0
854,Mayotte,2019,33821.0
855,Mexico,1990,345295.0
856,Mexico,1995,225969.0
857,Mexico,2000,266537.0
858,Mexico,2005,353372.0
859,Mexico,2010,481772.0
860,Mexico,2015,497099.0
861,Mexico,2019,512510.0
862,Micronesia (Fed States of),1990,698.0
863,Micronesia (Fed States of),1995,704.0
864,Micronesia (Fed States of),2000,579.0
865,Micronesia (Fed States of),2005,534.0
866,Micronesia (Fed States of),2010,520.0
867,Micronesia (Fed States of),2015,514.0
868,Micronesia (Fed States of),2019,526.0
869,Monaco,1990,5422.0
870,Monaco,1995,5475.0
871,Monaco,2000,5539.0
872,Monaco,2005,5329.0
873,Monaco,2010,5191.0
874,Monaco,2015,6501.0
875,Monaco,2019,6630.0
876,Mongolia,1990,3071.0
877,Mongolia,1995,3559.0
878,Mongolia,2000,4095.0
879,Mongolia,2005,7202.0
880,Mongolia,2010,11515.0
881,Mongolia,2015,12895.0
882,Mongolia,2019,13700.0
883,Montenegro,2010,30642.0
884,Montenegro,2015,26558.0
885,Montenegro,2019,26347.0
886,Montserrat,1990,769.0
887,Montserrat,1995,616.0
888,Montserrat,2000,466.0
889,Montserrat,2005,478.0
890,Montserrat,2010,492.0
891,Montserrat,2015,516.0
892,Montserrat,2019,526.0
893,Morocco,1990,18401.0
894,Morocco,1995,16655.0
895,Morocco,2000,17274.0
896,Morocco,2005,17465.0
897,Morocco,2010,24508.0
898,Morocco,2015,31811.0
899,Morocco,2019,33931.0
900,Mozambique,1990,33761.0
901,Mozambique,1995,46609.0
902,Mozambique,2000,52764.0
903,Mozambique,2005,65576.0
904,Mozambique,2010,75931.0
905,Mozambique,2015,81649.0
906,Mozambique,2019,86092.0
907,Myanmar,1990,65315.0
908,Myanmar,1995,53949.0
909,Myanmar,2000,45265.0
910,Myanmar,2005,38636.0
911,Myanmar,2010,36098.0
912,Myanmar,2015,34887.0
913,Myanmar,2019,36168.0
914,Namibia,1990,32848.0
915,Namibia,1995,31617.0
916,Namibia,2000,29485.0
917,Namibia,2005,23293.0
918,Namibia,2010,22564.0
919,Namibia,2015,22143.0
920,Namibia,2019,23434.0
921,Nauru,1990,1399.0
922,Nauru,1995,1294.0
923,Nauru,2000,1190.0
924,Nauru,2005,1119.0
925,Nauru,2010,437.0
926,Nauru,2015,715.0
927,Nauru,2019,809.0
928,Nepal,1990,120316.0
929,Nepal,1995,200582.0
930,Nepal,2000,223753.0
931,Nepal,2005,218868.0
932,Nepal,2010,177257.0
933,Nepal,2015,149157.0
934,Nepal,2019,141581.0
935,Netherlands,1990,581256.0
936,Netherlands,1995,652885.0
937,Netherlands,2000,745209.0
938,Netherlands,2005,811898.0
939,Netherlands,2010,852106.0
940,Netherlands,2015,922588.0
941,Netherlands,2019,1069896.0
942,New Caledonia,1990,16500.0
943,New Caledonia,1995,18892.0
944,New Caledonia,2000,21294.0
945,New Caledonia,2010,25842.0
946,New Caledonia,2015,28470.0
947,New Caledonia,2019,29894.0
948,New Zealand,1990,247899.0
949,New Zealand,1995,271307.0
950,New Zealand,2000,311202.0
951,New Zealand,2010,433771.0
952,New Zealand,2015,476111.0
953,New Zealand,2019,489394.0
954,Nicaragua,1990,19970.0
955,Nicaragua,1995,12655.0
956,Nicaragua,2000,14533.0
957,Nicaragua,2005,16681.0
958,Nicaragua,2010,17965.0
959,Nicaragua,2015,19473.0
960,Nicaragua,2019,20394.0
961,Niger,1990,49759.0
962,Niger,1995,64369.0
963,Niger,2000,52860.0
964,Niger,2005,53750.0
965,Niger,2010,54535.0
966,Niger,2015,114705.0
967,Niger,2019,133891.0
968,Nigeria,1990,168057.0
969,Nigeria,1995,201537.0
970,Nigeria,2000,242576.0
971,Nigeria,2005,506652.0
972,Nigeria,2010,516783.0
973,Nigeria,2015,590587.0
974,Nigeria,2019,618804.0
975,Niue,1990,214.0
976,Niue,1995,223.0
977,Niue,2000,232.0
978,Niue,2005,245.0
979,Niue,2010,289.0
980,Niue,2015,289.0
981,Niue,2019,289.0
982,North Macedonia,1990,20267.0
983,North Macedonia,1995,20806.0
984,North Macedonia,2000,22916.0
985,North Macedonia,2005,23574.0
986,North Macedonia,2010,25231.0
987,North Macedonia,2015,25950.0
988,North Macedonia,2019,26038.0
989,Northern Mariana Islands,1990,13892.0
990,Northern Mariana Islands,1995,15381.0
991,Northern Mariana Islands,2000,16863.0
992,Northern Mariana Islands,2005,15524.0
993,Northern Mariana Islands,2010,9958.0
994,Northern Mariana Islands,2015,8863.0
995,Northern Mariana Islands,2019,8929.0
996,Norway,1990,95347.0
997,Norway,1995,110953.0
998,Norway,2000,135681.0
999,Norway,2005,166630.0
1000,Norway,2010,255941.0
1001,Norway,2015,372828.0
1002,Norway,2019,431055.0
1003,Oman,1990,239560.0
1004,Oman,1995,405948.0
1005,Oman,2000,470774.0
1006,Oman,2005,510519.0
1007,Oman,2010,638442.0
1008,Oman,2015,1501439.0
1009,Oman,2019,1849253.0
1010,Pakistan,1990,1538565.0
1011,Pakistan,1995,1288476.0
1012,Pakistan,2000,1141346.0
1013,Pakistan,2005,1084935.0
1014,Pakistan,2010,1056700.0
1015,Pakistan,2015,992332.0
1016,Pakistan,2019,921994.0
1017,Palau,1990,1735.0
1018,Palau,1995,2707.0
1019,Palau,2000,3419.0
1020,Palau,2005,3056.0
1021,Palau,2010,3111.0
1022,Palau,2015,2904.0
1023,Palau,2019,2785.0
1024,Panama,1990,32673.0
1025,Panama,1995,36159.0
1026,Panama,2000,41725.0
1027,Panama,2005,58729.0
1028,Panama,2010,79418.0
1029,Panama,2015,93062.0
1030,Panama,2019,92390.0
1031,Papua New Guinea,1990,18427.0
1032,Papua New Guinea,1995,18946.0
1033,Papua New Guinea,2000,15105.0
1034,Papua New Guinea,2005,17103.0
1035,Papua New Guinea,2010,17757.0
1036,Papua New Guinea,2015,18028.0
1037,Papua New Guinea,2019,18233.0
1038,Paraguay,1990,74138.0
1039,Paraguay,1995,66139.0
1040,Paraguay,2000,57568.0
1041,Paraguay,2005,54846.0
1042,Paraguay,2010,52158.0
1043,Paraguay,2015,50854.0
1044,Paraguay,2019,52174.0
1045,Peru,1990,24422.0
1046,Peru,1995,24155.0
1047,Peru,2000,28273.0
1048,Peru,2005,33528.0
1049,Peru,2010,49305.0
1050,Peru,2015,82541.0
1051,Peru,2019,413453.0
1052,Philippines,1990,68445.0
1053,Philippines,1995,90554.0
1054,Philippines,2000,116561.0
1055,Philippines,2005,95759.0
1056,Philippines,2010,79733.0
1057,Philippines,2015,81044.0
1058,Philippines,2019,83592.0
1059,Poland,1990,457805.0
1060,Poland,1995,383615.0
1061,Poland,2000,321187.0
1062,Poland,2005,286490.0
1063,Poland,2010,258170.0
1064,Poland,2015,255654.0
1065,Poland,2019,285241.0
1066,Portugal,1990,141135.0
1067,Portugal,1995,183832.0
1068,Portugal,2000,234702.0
1069,Portugal,2005,293142.0
1070,Portugal,2010,303580.0
1071,Portugal,2015,325732.0
1072,Portugal,2019,337590.0
1073,Puerto Rico,1990,148511.0
1074,Puerto Rico,1995,155630.0
1075,Puerto Rico,2000,163092.0
1076,Puerto Rico,2005,159277.0
1077,Puerto Rico,2010,134320.0
1078,Puerto Rico,2015,120307.0
1079,Puerto Rico,2019,114033.0
1080,Qatar,1990,215249.0
1081,Qatar,1995,256187.0
1082,Qatar,2000,259386.0
1083,Qatar,2005,472207.0
1084,Qatar,2010,1141558.0
1085,Qatar,2015,1361859.0
1086,Qatar,2019,1791133.0
1087,Republic of Korea,1990,23172.0
1088,Republic of Korea,1995,67648.0
1089,Republic of Korea,2000,136991.0
1090,Republic of Korea,2005,271439.0
1091,Republic of Korea,2010,501340.0
1092,Republic of Korea,2015,612026.0
1093,Republic of Korea,2019,622852.0
1094,Republic of Moldova,1990,228872.0
1095,Republic of Moldova,1995,149255.0
1096,Republic of Moldova,2000,97124.0
1097,Republic of Moldova,2005,65233.0
1098,Republic of Moldova,2010,49716.0
1099,Republic of Moldova,2015,40854.0
1100,Republic of Moldova,2019,40270.0
1101,Romania,1990,54793.0
1102,Romania,1995,55014.0
1103,Romania,2000,55269.0
1104,Romania,2005,63102.0
1105,Romania,2010,78246.0
1106,Romania,2015,140127.0
1107,Romania,2019,238997.0
1108,Russian Federation,1990,5638665.0
1109,Russian Federation,1995,5907898.0
1110,Russian Federation,2000,5965130.0
1111,Russian Federation,2005,5794393.0
1112,Russian Federation,2010,5507955.0
1113,Russian Federation,2015,5708674.0
1114,Russian Federation,2019,5707332.0
1115,Rwanda,1990,70919.0
1116,Rwanda,1995,102784.0
1117,Rwanda,2000,170544.0
1118,Rwanda,2005,203679.0
1119,Rwanda,2010,206433.0
1120,Rwanda,2015,251270.0
1121,Rwanda,2019,264600.0
1122,Réunion,1990,24101.0
1123,Réunion,1995,34712.0
1124,Réunion,2000,46668.0
1125,Réunion,2005,54332.0
1126,Réunion,2010,58863.0
1127,Réunion,2015,60603.0
1128,Réunion,2019,61531.0
1129,Saint Helena,1990,99.0
1130,Saint Helena,1995,63.0
1131,Saint Helena,2000,56.0
1132,Saint Helena,2005,73.0
1133,Saint Helena,2010,114.0
1134,Saint Helena,2015,210.0
1135,Saint Helena,2019,252.0
1136,Saint Kitts and Nevis,1990,671.0
1137,Saint Kitts and Nevis,1995,900.0
1138,Saint Kitts and Nevis,2000,1264.0
1139,Saint Kitts and Nevis,2005,1439.0
1140,Saint Kitts and Nevis,2010,1562.0
1141,Saint Kitts and Nevis,2015,1610.0
1142,Saint Kitts and Nevis,2019,1640.0
1143,Saint Lucia,1990,1676.0
1144,Saint Lucia,1995,2231.0
1145,Saint Lucia,2000,3138.0
1146,Saint Lucia,2005,3704.0
1147,Saint Lucia,2010,4006.0
1148,Saint Lucia,2015,3824.0
1149,Saint Lucia,2019,3696.0
1150,Saint Pierre and Miquelon,1990,470.0
1151,Saint Pierre and Miquelon,1995,586.0
1152,Saint Pierre and Miquelon,2000,661.0
1153,Saint Pierre and Miquelon,2005,587.0
1154,Saint Pierre and Miquelon,2010,519.0
1155,Saint Pierre and Miquelon,2015,504.0
1156,Saint Pierre and Miquelon,2019,506.0
1157,Saint Vincent and the Grenadines,1990,1770.0
1158,Saint Vincent and the Grenadines,1995,1848.0
1159,Saint Vincent and the Grenadines,2000,1928.0
1160,Saint Vincent and the Grenadines,2005,2015.0
1161,Saint Vincent and the Grenadines,2010,2112.0
1162,Saint Vincent and the Grenadines,2015,2163.0
1163,Saint Vincent and the Grenadines,2019,2205.0
1164,Samoa,1990,1121.0
1165,Samoa,1995,1508.0
1166,Samoa,2000,1875.0
1167,Samoa,2005,1745.0
1168,Samoa,2010,1508.0
1169,Samoa,2015,1246.0
1170,Samoa,2019,1183.0
1171,San Marino,1990,1631.0
1172,San Marino,1995,1841.0
1173,San Marino,2000,2058.0
1174,San Marino,2005,2186.0
1175,San Marino,2010,2617.0
1176,San Marino,2015,2699.0
1177,San Marino,2019,2782.0
1178,Sao Tome and Principe,1990,2713.0
1179,Sao Tome and Principe,1995,2229.0
1180,Sao Tome and Principe,2000,1913.0
1181,Sao Tome and Principe,2005,1493.0
1182,Sao Tome and Principe,2010,1169.0
1183,Sao Tome and Principe,2015,1031.0
1184,Sao Tome and Principe,2019,935.0
1185,Saudi Arabia,1990,2917212.0
1186,Saudi Arabia,1995,2997558.0
1187,Saudi Arabia,2000,3088394.0
1188,Saudi Arabia,2005,3921159.0
1189,Saudi Arabia,2010,5204557.0
1190,Saudi Arabia,2015,6526559.0
1191,Saudi Arabia,2019,7873715.0
1192,Senegal,1990,121164.0
1193,Senegal,1995,129063.0
1194,Senegal,2000,106284.0
1195,Senegal,2005,107812.0
1196,Senegal,2010,115688.0
1197,Senegal,2015,119610.0
1198,Senegal,2019,123495.0
1199,Serbia,1990,46647.0
1200,Serbia,1995,307232.0
1201,Serbia,2000,409389.0
1202,Serbia,2005,377401.0
1203,Serbia,2010,364141.0
1204,Serbia,2015,354689.0
1205,Serbia,2019,360731.0
1206,Seychelles,1990,1809.0
1207,Seychelles,1995,2699.0
1208,Seychelles,2000,3590.0
1209,Seychelles,2005,5583.0
1210,Seychelles,2010,7571.0
1211,Seychelles,2015,8686.0
1212,Seychelles,2019,8777.0
1213,Sierra Leone,1990,122322.0
1214,Sierra Leone,1995,55388.0
1215,Sierra Leone,2000,53664.0
1216,Sierra Leone,2005,76209.0
1217,Sierra Leone,2010,43037.0
1218,Sierra Leone,2015,32497.0
1219,Sierra Leone,2019,30166.0
1220,Singapore,1990,211279.0
1221,Singapore,1995,359847.0
1222,Singapore,2000,535551.0
1223,Singapore,2005,668842.0
1224,Singapore,2010,838276.0
1225,Singapore,2015,986002.0
1226,Singapore,2019,834256.0
1227,Sint Maarten (Dutch part),2005,5513.0
1228,Sint Maarten (Dutch part),2010,10999.0
1229,Sint Maarten (Dutch part),2015,11428.0
1230,Sint Maarten (Dutch part),2019,11833.0
1231,Slovakia,1990,18062.0
1232,Slovakia,1995,30310.0
1233,Slovakia,2000,50712.0
1234,Slovakia,2005,58026.0
1235,Slovakia,2010,66274.0
1236,Slovakia,2015,88197.0
1237,Slovakia,2019,95099.0
1238,Slovenia,1990,87570.0
1239,Slovenia,1995,88228.0
1240,Slovenia,2000,110253.0
1241,Slovenia,2005,112899.0
1242,Slovenia,2010,132001.0
1243,Slovenia,2015,126470.0
1244,Slovenia,2019,127899.0
1245,Solomon Islands,1990,2198.0
1246,Solomon Islands,1995,2179.0
1247,Solomon Islands,2000,2080.0
1248,Solomon Islands,2005,1597.0
1249,Solomon Islands,2010,1211.0
1250,Solomon Islands,2015,1137.0
1251,Solomon Islands,2019,1114.0
1252,Somalia,1990,234861.0
1253,Somalia,1995,9490.0
1254,Somalia,2000,293.0
1255,Somalia,2005,615.0
1256,Somalia,2010,13375.0
1257,Somalia,2015,6840.0
1258,Somalia,2019,9697.0
1259,South Africa,1990,621702.0
1260,South Africa,1995,524291.0
1261,South Africa,2000,492504.0
1262,South Africa,2005,639473.0
1263,South Africa,2010,937003.0
1264,South Africa,2015,1272450.0
1265,South Africa,2019,1427286.0
1266,South Sudan,2010,131218.0
1267,South Sudan,2015,429446.0
1268,South Sudan,2019,440136.0
1269,Spain,1990,360260.0
1270,Spain,1995,461205.0
1271,Spain,2000,776271.0
1272,Spain,2005,1972385.0
1273,Spain,2010,3042983.0
1274,Spain,2015,2705655.0
1275,Spain,2019,2733744.0
1276,Sri Lanka,1990,22505.0
1277,Sri Lanka,1995,21768.0
1278,Sri Lanka,2000,21061.0
1279,Sri Lanka,2005,20429.0
1280,Sri Lanka,2010,19771.0
1281,Sri Lanka,2015,19717.0
1282,Sri Lanka,2019,19873.0
1283,State of Palestine,1990,120588.0
1284,State of Palestine,1995,117138.0
1285,State of Palestine,2000,113688.0
1286,State of Palestine,2005,108449.0
1287,State of Palestine,2010,103212.0
1288,State of Palestine,2015,101903.0
1289,State of Palestine,2019,101196.0
1290,Sudan,1990,679273.0
1291,Sudan,1995,508260.0
1292,Sudan,2000,386740.0
1293,Sudan,2005,258847.0
1294,Sudan,2010,299958.0
1295,Sudan,2015,300629.0
1296,Sudan,2019,593475.0
1297,Suriname,1990,5710.0
1298,Suriname,1995,7076.0
1299,Suriname,2000,8740.0
1300,Suriname,2005,10762.0
1301,Suriname,2010,12710.0
1302,Suriname,2015,13817.0
1303,Suriname,2019,14804.0
1304,Sweden,1990,344337.0
1305,Sweden,1995,405299.0
1306,Sweden,2000,431343.0
1307,Sweden,2005,484593.0
1308,Sweden,2010,613411.0
1309,Sweden,2015,756381.0
1310,Sweden,2019,922546.0
1311,Switzerland,1990,581804.0
1312,Switzerland,1995,663959.0
1313,Switzerland,2000,771626.0
1314,Switzerland,2005,849863.0
1315,Switzerland,2010,920652.0
1316,Switzerland,2015,1084206.0
1317,Switzerland,2019,1153765.0
1318,Syrian Arab Republic,1990,127246.0
1319,Syrian Arab Republic,1995,147556.0
1320,Syrian Arab Republic,2000,197646.0
1321,Syrian Arab Republic,2005,397896.0
1322,Syrian Arab Republic,2010,822132.0
1323,Syrian Arab Republic,2015,408592.0
1324,Syrian Arab Republic,2019,408289.0
1325,Tajikistan,1990,183848.0
1326,Tajikistan,1995,146086.0
1327,Tajikistan,2000,123586.0
1328,Tajikistan,2005,115515.0
1329,Tajikistan,2010,115876.0
1330,Tajikistan,2015,112893.0
1331,Tajikistan,2019,112481.0
1332,Thailand,1990,283469.0
1333,Thailand,1995,426257.0
1334,Thailand,2000,647675.0
1335,Thailand,2005,1085904.0
1336,Thailand,2010,1624265.0
1337,Thailand,2015,1750657.0
1338,Thailand,2019,1824954.0
1339,Timor-Leste,1990,3906.0
1340,Timor-Leste,1995,4175.0
1341,Timor-Leste,2000,4466.0
1342,Timor-Leste,2005,4890.0
1343,Timor-Leste,2010,5113.0
1344,Timor-Leste,2015,4439.0
1345,Timor-Leste,2019,4386.0
1346,Togo,1990,39534.0
1347,Togo,1995,47567.0
1348,Togo,2000,64726.0
1349,Togo,2005,94375.0
1350,Togo,2010,119728.0
1351,Togo,2015,129860.0
1352,Togo,2019,131471.0
1353,Tokelau,1990,136.0
1354,Tokelau,1995,134.0
1355,Tokelau,2000,125.0
1356,Tokelau,2005,116.0
1357,Tokelau,2010,180.0
1358,Tokelau,2015,205.0
1359,Tokelau,2019,213.0
1360,Tonga,1990,404.0
1361,Tonga,1995,472.0
1362,Tonga,2000,540.0
1363,Tonga,2005,637.0
1364,Tonga,2010,685.0
1365,Tonga,2015,590.0
1366,Tonga,2019,560.0
1367,Trinidad and Tobago,1990,21631.0
1368,Trinidad and Tobago,1995,19585.0
1369,Trinidad and Tobago,2000,17402.0
1370,Trinidad and Tobago,2005,18628.0
1371,Trinidad and Tobago,2010,19423.0
1372,Trinidad and Tobago,2015,20650.0
1373,Trinidad and Tobago,2019,25267.0
1374,Tunisia,1990,9091.0
1375,Tunisia,1995,9143.0
1376,Tunisia,2000,10079.0
1377,Tunisia,2005,9699.0
1378,Tunisia,2010,13933.0
1379,Tunisia,2015,18178.0
1380,Tunisia,2019,18484.0
1381,Turkey,1990,482309.0
1382,Turkey,1995,517413.0
1383,Turkey,2000,559525.0
1384,Turkey,2005,562147.0
1385,Turkey,2010,568118.0
1386,Turkey,2015,2298902.0
1387,Turkey,2019,3166490.0
1388,Turkmenistan,1990,133064.0
1389,Turkmenistan,1995,129650.0
1390,Turkmenistan,2000,100867.0
1391,Turkmenistan,2005,99266.0
1392,Turkmenistan,2010,88819.0
1393,Turkmenistan,2015,89231.0
1394,Turkmenistan,2019,89931.0
1395,Turks and Caicos Islands,1990,2319.0
1396,Turks and Caicos Islands,1995,3053.0
1397,Turks and Caicos Islands,2000,3986.0
1398,Turks and Caicos Islands,2005,4198.0
1399,Turks and Caicos Islands,2010,6535.0
1400,Turks and Caicos Islands,2015,8962.0
1401,Turks and Caicos Islands,2019,9680.0
1402,Tuvalu,1990,134.0
1403,Tuvalu,1995,95.0
1404,Tuvalu,2000,65.0
1405,Tuvalu,2005,56.0
1406,Tuvalu,2010,52.0
1407,Tuvalu,2015,54.0
1408,Tuvalu,2019,57.0
1409,Uganda,1990,272844.0
1410,Uganda,1995,298769.0
1411,Uganda,2000,289455.0
1412,Uganda,2005,290788.0
1413,Uganda,2010,240551.0
1414,Uganda,2015,414485.0
1415,Uganda,2019,835256.0
1416,Ukraine,1990,2791298.0
1417,Ukraine,1995,2480926.0
1418,Ukraine,2000,2200832.0
1419,Ukraine,2005,2014696.0
1420,Ukraine,2010,1925869.0
1421,Ukraine,2015,1934862.0
1422,Ukraine,2019,1954215.0
1423,United Arab Emirates,1990,887982.0
1424,United Arab Emirates,1995,1242784.0
1425,United Arab Emirates,2000,1663526.0
1426,United Arab Emirates,2005,2271674.0
1427,United Arab Emirates,2010,5201508.0
1428,United Arab Emirates,2015,5609978.0
1429,United Arab Emirates,2019,6025122.0
1430,United Kingdom,1990,1725811.0
1431,United Kingdom,1995,1921815.0
1432,United Kingdom,2000,2144660.0
1433,United Kingdom,2005,2695376.0
1434,United Kingdom,2010,3304058.0
1435,United Kingdom,2015,3836838.0
1436,United Kingdom,2019,4369177.0
1437,United Republic of Tanzania,1990,272083.0
1438,United Republic of Tanzania,1995,536558.0
1439,United Republic of Tanzania,2000,470625.0
1440,United Republic of Tanzania,2005,475533.0
1441,United Republic of Tanzania,2010,145140.0
1442,United Republic of Tanzania,2015,164655.0
1443,United Republic of Tanzania,2019,228261.0
1444,United States Virgin Islands,1990,18400.0
1445,United States Virgin Islands,1995,20427.0
1446,United States Virgin Islands,2000,22484.0
1447,United States Virgin Islands,2005,22977.0
1448,United States Virgin Islands,2010,23473.0
1449,United States Virgin Islands,2015,23480.0
1450,United States Virgin Islands,2019,23490.0
1451,United States of America,1990,9632841.0
1452,United States of America,1995,12892229.0
1453,United States of America,2000,16218336.0
1454,United States of America,2005,18131269.0
1455,United States of America,2010,20271033.0
1456,United States of America,2015,21924783.0
1457,United States of America,2019,22861383.0
1458,Uruguay,1990,38265.0
1459,Uruguay,1995,33628.0
1460,Uruguay,2000,27961.0
1461,Uruguay,2005,21545.0
1462,Uruguay,2010,19757.0
1463,Uruguay,2015,20389.0
1464,Uruguay,2019,21159.0
1465,Uzbekistan,1990,688459.0
1466,Uzbekistan,1995,620868.0
1467,Uzbekistan,2000,568313.0
1468,Uzbekistan,2005,550397.0
1469,Uzbekistan,2010,519222.0
1470,Uzbekistan,2015,507516.0
1471,Uzbekistan,2019,506892.0
1472,Vanuatu,1990,854.0
1473,Vanuatu,1995,768.0
1474,Vanuatu,2000,688.0
1475,Vanuatu,2005,903.0
1476,Vanuatu,2010,1095.0
1477,Vanuatu,2015,1136.0
1478,Vanuatu,2019,1157.0
1479,Venezuela (Bolivarian Republic of),1990,512240.0
1480,Venezuela (Bolivarian Republic of),1995,507763.0
1481,Venezuela (Bolivarian Republic of),2000,503812.0
1482,Venezuela (Bolivarian Republic of),2005,533181.0
1483,Venezuela (Bolivarian Republic of),2010,670982.0
1484,Venezuela (Bolivarian Republic of),2015,698022.0
1485,Venezuela (Bolivarian Republic of),2019,680666.0
1486,Viet Nam,1990,14866.0
1487,Viet Nam,1995,27400.0
1488,Viet Nam,2000,30862.0
1489,Viet Nam,2005,28839.0
1490,Viet Nam,2010,33447.0
1491,Viet Nam,2015,39141.0
1492,Viet Nam,2019,40922.0
1493,Wallis and Futuna Islands,1990,711.0
1494,Wallis and Futuna Islands,1995,852.0
1495,Wallis and Futuna Islands,2000,995.0
1496,Wallis and Futuna Islands,2005,1081.0
1497,Wallis and Futuna Islands,2010,806.0
1498,Wallis and Futuna Islands,2015,527.0
1499,Wallis and Futuna Islands,2019,508.0
1500,Western Sahara,1990,1387.0
1501,Western Sahara,1995,1560.0
1502,Western Sahara,2000,1738.0
1503,Western Sahara,2005,2105.0
1504,Western Sahara,2010,2470.0
1505,Western Sahara,2015,2892.0
1506,Western Sahara,2019,3006.0
1507,Yemen,1990,51136.0
1508,Yemen,1995,60285.0
1509,Yemen,2000,63981.0
1510,Yemen,2005,81310.0
1511,Yemen,2010,137730.0
1512,Yemen,2015,182709.0
1513,Yemen,2019,185481.0
1514,Zambia,1990,59237.0
1515,Zambia,1995,36683.0
1516,Zambia,2000,46752.0
1517,Zambia,2005,60466.0
1518,Zambia,2010,39236.0
1519,Zambia,2015,38439.0
1520,Zambia,2019,54365.0
1521,Zimbabwe,1990,327865.0
1522,Zimbabwe,1995,211445.0
1523,Zimbabwe,2000,191390.0
1524,Zimbabwe,2005,165339.0
1525,Zimbabwe,2010,146292.0
1526,Zimbabwe,2015,145299.0
1527,Zimbabwe,2019,150449.0
